Group,count,mean,std,min,25%,50%,75%,max
Control,8.0,360.93375,18.492847217621346,335.55,349.26,359.165,372.38250000000005,389.64
Treatment,8.0,381.25,26.36954737137954,345.21,359.79499999999996,378.825,402.12,418.22
